Titrant Volume (ml)	pH	F1	Sample Volume (ml)	Titrant normality	Equivalent Volume (ml)	ANC (eq/L)	correlation coefficient
0	7.680485	0	50	0.05	1.826031	0.001826	0.999943
0.25	6.928369	0					
0.5	6.578413	0					
0.75	6.353849	0					
1	6.090755	0.000001					
1.25	5.832609	0.000002					
1.5	5.563881	0.000003					
1.75	5.120282	0.000008					
2	3.863518	0.000142					
2.25	3.315341	0.000506					
2.5	3.112551	0.00081					
2.75	2.980299	0.001104					