Concentration (mg/L)	Voltage
0	3.479539
1	3.201108
2	2.993576
5	1.521396
10	-0.150949
20	-0.861426
50	-1.267518
100	-1.28272
200	-1.283075